cohort,fraction,subset_seed,memory_groups,model_id,memory_rows,method,training_labels_used,answers,conversation_groups,high_gap_count,gap_mse,gap_rmse,gap_mae,gap_r2,gap_pearson,gap_spearman,high_gap_auroc,high_gap_ap,corrected_judge_mse,corrected_judge_pearson,judge_preference_pairs,judge_preference_agreement
test,0.125,42,236,fraction_0.125_sample_42,973,proxy,0,1024,512,31,0.27050089326089055,0.5200970037030501,0.42496019309025423,-0.02586569194305377,,,0.5,0.0302734375,0.27050089326089055,0.7553666831645542,455,0.7615384615384615
test,0.125,42,236,fraction_0.125_sample_42,973,mean_gap,973,1024,512,31,0.2699180446198404,0.519536374684045,0.4243302982943242,-0.023655257747288383,,,0.5,0.0302734375,0.2699180446198404,0.7553666831645541,455,0.7615384615384615
test,0.125,42,236,fraction_0.125_sample_42,973,knn_fixed,973,1024,512,31,0.18205699951192675,0.42668137938270373,0.3416262958528278,0.3095548501673585,0.5640394081863656,0.5630729951401523,0.8714875093395706,0.15665054892038682,0.18205699951192675,0.8068698641670209,455,0.7692307692307693
test,0.125,42,236,fraction_0.125_sample_42,973,knn_tuned,973,1024,512,31,0.1785078136481208,0.42250185046709654,0.34098626241576047,0.3230150201805354,0.5990811533253236,0.5943461504391208,0.9070915765195076,0.22461736806104762,0.1785078136481208,0.8107307423867302,455,0.7802197802197802
test,0.125,42,236,fraction_0.125_sample_42,973,ridge,973,1024,512,31,0.15258653271813444,0.3906232618753451,0.31330331756643787,0.4213206208635014,0.6569390813413688,0.6552727679427893,0.9162524770165352,0.30794091119848865,0.15258653271813444,0.82905708775568,455,0.7956043956043956
test,0.25,42,472,fraction_0.25_sample_42,1985,proxy,0,1024,512,31,0.27050089326089055,0.5200970037030501,0.42496019309025423,-0.02586569194305377,,,0.5,0.0302734375,0.27050089326089055,0.7553666831645542,455,0.7615384615384615
test,0.25,42,472,fraction_0.25_sample_42,1985,mean_gap,1985,1024,512,31,0.27120530710030244,0.5207737580757141,0.4257004107839961,-0.028537158133317364,,,0.5,0.0302734375,0.27120530710030244,0.7553666831645541,455,0.7615384615384615
test,0.25,42,472,fraction_0.25_sample_42,1985,knn_fixed,1985,1024,512,31,0.17932319323378665,0.42346569310132626,0.3377064995793583,0.31992272006735756,0.5713522067562326,0.5732064943012695,0.8670694864048338,0.15189463857254318,0.17932319323378665,0.8089478209694311,455,0.7956043956043956
test,0.25,42,472,fraction_0.25_sample_42,1985,knn_tuned,1985,1024,512,31,0.1783017174275091,0.42225788024323374,0.33654037867167375,0.3237966332813865,0.5741736938977055,0.5763302547821019,0.8723971022967223,0.15074538844728816,0.1783017174275091,0.8095869439954936,455,0.8
test,0.25,42,472,fraction_0.25_sample_42,1985,ridge,1985,1024,512,31,0.1428079876472882,0.37789944118414387,0.30069636295317925,0.45840542965792175,0.6845730122856328,0.6842275026323749,0.9312607608095377,0.3525900604891981,0.1428079876472882,0.8418333067457918,455,0.7956043956043956
test,0.5,42,943,fraction_0.5_sample_42,3985,proxy,0,1024,512,31,0.27050089326089055,0.5200970037030501,0.42496019309025423,-0.02586569194305377,,,0.5,0.0302734375,0.27050089326089055,0.7553666831645542,455,0.7615384615384615
test,0.5,42,943,fraction_0.5_sample_42,3985,mean_gap,3985,1024,512,31,0.27269749738753735,0.5222044593715544,0.42723996419420585,-0.03419624044935432,,,0.5,0.0302734375,0.27269749738753735,0.7553666831645541,455,0.7615384615384615
test,0.5,42,943,fraction_0.5_sample_42,3985,knn_fixed,3985,1024,512,31,0.16355902014337786,0.4044243070629878,0.3223948362138346,0.3797078251749585,0.6199885885495081,0.6190110551436753,0.9066042945781763,0.20661857821807478,0.16355902014337786,0.8240744672876984,455,0.7912087912087912
test,0.5,42,943,fraction_0.5_sample_42,3985,knn_tuned,3985,1024,512,31,0.162551764869812,0.40317708872133595,0.32146370120008866,0.3835278074889664,0.6229224796037246,0.6217538632275897,0.9070266055939967,0.20791600959020123,0.162551764869812,0.824880125183018,455,0.7934065934065934
test,0.5,42,943,fraction_0.5_sample_42,3985,ridge,3985,1024,512,31,0.13337134330146888,0.36520041525369173,0.2875372161064097,0.49419359125969375,0.7062546419645676,0.7042382490841327,0.9377903388233765,0.37448591695312927,0.13337134330146888,0.8511032048773476,455,0.8131868131868132
test,1.0,42,1885,fraction_1_sample_42,7990,proxy,0,1024,512,31,0.27050089326089055,0.5200970037030501,0.42496019309025423,-0.02586569194305377,,,0.5,0.0302734375,0.27050089326089055,0.7553666831645542,455,0.7615384615384615
test,1.0,42,1885,fraction_1_sample_42,7990,mean_gap,7990,1024,512,31,0.2726111069959487,0.5221217358010952,0.42715268569327275,-0.033868607746275536,,,0.5,0.0302734375,0.2726111069959487,0.7553666831645542,455,0.7615384615384615
test,1.0,42,1885,fraction_1_sample_42,7990,knn_fixed,7990,1024,512,31,0.15682549523683212,0.3960119887539165,0.3138692022665086,0.4052444956982867,0.6382926325228506,0.6390671533373491,0.9114121430659781,0.27293793645793846,0.15682549523683212,0.8299209044990307,455,0.7934065934065934
test,1.0,42,1885,fraction_1_sample_42,7990,knn_tuned,7990,1024,512,31,0.1559360800696346,0.3948874270847764,0.3138386950807006,0.4086175733059888,0.6459808141821934,0.6478115626182679,0.9161875060910243,0.27869102662050144,0.1559360800696346,0.8317955525867888,455,0.778021978021978
test,1.0,42,1885,fraction_1_sample_42,7990,ridge,7990,1024,512,31,0.12819817140610845,0.3580477222467816,0.2792434510984826,0.513812674590616,0.7186633819494818,0.71535220864897,0.9439625767469058,0.3917091641893263,0.12819817140610845,0.85722049572509,455,0.810989010989011
test,0.125,43,236,fraction_0.125_sample_43,1016,proxy,0,1024,512,31,0.27050089326089055,0.5200970037030501,0.42496019309025423,-0.02586569194305377,,,0.5,0.0302734375,0.27050089326089055,0.7553666831645542,455,0.7615384615384615
test,0.125,43,236,fraction_0.125_sample_43,1016,mean_gap,1016,1024,512,31,0.27008317299560974,0.5196952693604299,0.4245107990605811,-0.02428150165142462,,,0.5,0.0302734375,0.27008317299560974,0.7553666831645541,455,0.7615384615384615
test,0.125,43,236,fraction_0.125_sample_43,1016,knn_fixed,1016,1024,512,31,0.16162456771561395,0.40202558092192836,0.3215868556678372,0.387044172032878,0.6256115717583626,0.6310626882359573,0.9098203553909626,0.19662976849149866,0.16162456771561395,0.8257461238341234,455,0.7802197802197802
test,0.125,43,236,fraction_0.125_sample_43,1016,knn_tuned,1016,1024,512,31,0.15965840460512054,0.39957277760768506,0.3195585266159816,0.3945007806063435,0.6315392793183576,0.6359935558169875,0.9128739888899717,0.2120467275217718,0.15965840460512054,0.8271662179981494,455,0.7824175824175824
test,0.125,43,236,fraction_0.125_sample_43,1016,ridge,1016,1024,512,31,0.14720665847157174,0.38367519918750514,0.30645774658799524,0.44172361602549415,0.6664880848695196,0.6641148712236981,0.9416236234285158,0.3488106249132656,0.14720665847157174,0.834404215654663,455,0.7934065934065934
test,0.25,43,472,fraction_0.25_sample_43,2026,proxy,0,1024,512,31,0.27050089326089055,0.5200970037030501,0.42496019309025423,-0.02586569194305377,,,0.5,0.0302734375,0.27050089326089055,0.7553666831645542,455,0.7615384615384615
test,0.25,43,472,fraction_0.25_sample_43,2026,mean_gap,2026,1024,512,31,0.27475335374967247,0.5241692033586792,0.4292633702240698,-0.04199300771342096,,,0.5,0.0302734375,0.27475335374967247,0.7553666831645542,455,0.7615384615384615
test,0.25,43,472,fraction_0.25_sample_43,2026,knn_fixed,2026,1024,512,31,0.16091727027609554,0.4011449492092547,0.31890866374208426,0.38972657418118184,0.627945773649652,0.636443390781993,0.8980606178735016,0.2133065761671956,0.16091727027609554,0.8280030035831809,455,0.7912087912087912
test,0.25,43,472,fraction_0.25_sample_43,2026,knn_tuned,2026,1024,512,31,0.16059150622058316,0.4007387006773655,0.3172001883478274,0.39096202358835275,0.6273644465219224,0.635196977839491,0.882110255660592,0.19179883010103932,0.16059150622058316,0.8279625345923758,455,0.778021978021978
test,0.25,43,472,fraction_0.25_sample_43,2026,ridge,2026,1024,512,31,0.13889587760050703,0.37268737247256856,0.2958007287686616,0.4732419776327479,0.6892931326715608,0.6909654437859473,0.9399993502907449,0.35990558113275745,0.13889587760050703,0.8449638384622329,455,0.8087912087912088
test,0.5,43,943,fraction_0.5_sample_43,4005,proxy,0,1024,512,31,0.27050089326089055,0.5200970037030501,0.42496019309025423,-0.02586569194305377,,,0.5,0.0302734375,0.27050089326089055,0.7553666831645542,455,0.7615384615384615
test,0.5,43,943,fraction_0.5_sample_43,4005,mean_gap,4005,1024,512,31,0.27545291493842855,0.5248360838761266,0.4299238221601142,-0.04464607038655455,,,0.5,0.0302734375,0.27545291493842855,0.7553666831645542,455,0.7615384615384615
test,0.5,43,943,fraction_0.5_sample_43,4005,knn_fixed,4005,1024,512,31,0.15848873768660976,0.39810644014711666,0.31533658357536926,0.3989367037126811,0.6346064968626838,0.6387302283399575,0.9054348179189813,0.2679005440278022,0.15848873768660976,0.8279400935302942,455,0.7824175824175824
test,0.5,43,943,fraction_0.5_sample_43,4005,knn_tuned,4005,1024,512,31,0.15730545106077026,0.3966175122971378,0.313943204980183,0.40342427910864487,0.6379145949138667,0.6419601485537768,0.9067992073547089,0.269691520706843,0.15730545106077026,0.828723686735045,455,0.7802197802197802
test,0.5,43,943,fraction_0.5_sample_43,4005,ridge,4005,1024,512,31,0.13275492450908233,0.3643554919430779,0.2882598637658314,0.49653133914420233,0.7076666632033084,0.7052178210049839,0.9407790013968749,0.4136694448047627,0.13275492450908233,0.8514943414172155,455,0.8131868131868132
test,0.125,44,236,fraction_0.125_sample_44,987,proxy,0,1024,512,31,0.27050089326089055,0.5200970037030501,0.42496019309025423,-0.02586569194305377,,,0.5,0.0302734375,0.27050089326089055,0.7553666831645542,455,0.7615384615384615
test,0.125,44,236,fraction_0.125_sample_44,987,mean_gap,987,1024,512,31,0.2694914625490668,0.5191256712483662,0.42386006607685667,-0.022037459351397004,,,0.5,0.0302734375,0.2694914625490668,0.7553666831645542,455,0.7615384615384615
test,0.125,44,236,fraction_0.125_sample_44,987,knn_fixed,987,1024,512,31,0.17276790658797184,0.4156535896488467,0.3288795969336188,0.3447834278813904,0.6005512485608518,0.6027007727859149,0.888899717376474,0.25700677747882233,0.17276790658797184,0.8186802496649925,455,0.7758241758241758
test,0.125,44,236,fraction_0.125_sample_44,987,knn_tuned,987,1024,512,31,0.17097951361484431,0.41349669117762516,0.3269554006287526,0.3515658490879411,0.6052533930816734,0.6068556036663441,0.8937075658642757,0.28046348653043807,0.17097951361484431,0.8199411053222964,455,0.7736263736263737
test,0.125,44,236,fraction_0.125_sample_44,987,ridge,987,1024,512,31,0.16159342295283996,0.40198684425344067,0.3202069094242168,0.38716228751570836,0.6423212178789459,0.6567187430783727,0.9153428840593834,0.2837241288604617,0.16159342295283996,0.8329293571667767,455,0.7912087912087912
test,0.25,44,472,fraction_0.25_sample_44,1987,proxy,0,1024,512,31,0.27050089326089055,0.5200970037030501,0.42496019309025423,-0.02586569194305377,,,0.5,0.0302734375,0.27050089326089055,0.7553666831645542,455,0.7615384615384615
test,0.25,44,472,fraction_0.25_sample_44,1987,mean_gap,1987,1024,512,31,0.2708262343361725,0.520409679325983,0.4253038187729584,-0.027099537211689118,,,0.5,0.0302734375,0.2708262343361725,0.7553666831645542,455,0.7615384615384615
test,0.25,44,472,fraction_0.25_sample_44,1987,knn_fixed,1987,1024,512,31,0.1609928442122156,0.4012391359429132,0.320198333132106,0.3894399625277559,0.6389094695204146,0.6365108763644376,0.9281746418477731,0.4012063153087089,0.1609928442122156,0.8262533549074251,455,0.778021978021978
test,0.25,44,472,fraction_0.25_sample_44,1987,knn_tuned,1987,1024,512,31,0.15956656409216635,0.3994578376902453,0.31817722822900274,0.39484908271445995,0.6416917782849166,0.6389267395163946,0.9291492057304356,0.4036913066237986,0.15956656409216635,0.8269557012134969,455,0.7736263736263737
test,0.25,44,472,fraction_0.25_sample_44,1987,ridge,1987,1024,512,31,0.14732784705728647,0.3838330979179446,0.30615176287819085,0.44126401232200496,0.6682422399511075,0.672589919320866,0.9217425202222006,0.29021378856755314,0.14732784705728647,0.836568782562767,455,0.8021978021978022
test,0.5,44,943,fraction_0.5_sample_44,3962,proxy,0,1024,512,31,0.27050089326089055,0.5200970037030501,0.42496019309025423,-0.02586569194305377,,,0.5,0.0302734375,0.27050089326089055,0.7553666831645542,455,0.7615384615384615
test,0.5,44,943,fraction_0.5_sample_44,3962,mean_gap,3962,1024,512,31,0.2718557121205215,0.5213978443765581,0.4263773725968677,-0.031003797662920496,,,0.5,0.0302734375,0.2718557121205215,0.7553666831645542,455,0.7615384615384615
test,0.5,44,943,fraction_0.5_sample_44,3962,knn_fixed,3962,1024,512,31,0.15779286344730986,0.39723149855885026,0.3142656220779445,0.4015757837519335,0.6370141823736039,0.6404433462460908,0.9099178117792288,0.28881655555943786,0.15779286344730986,0.8296818775854289,455,0.7692307692307693
test,0.5,44,943,fraction_0.5_sample_44,3962,knn_tuned,3962,1024,512,31,0.15862646586713516,0.398279381674642,0.31560413401972,0.3984143741428543,0.6334728296170565,0.6334465715925736,0.9209628691160707,0.2822096270044695,0.15862646586713516,0.8271373124922664,455,0.7846153846153846
test,0.5,44,943,fraction_0.5_sample_44,3962,ridge,3962,1024,512,31,0.13945125035524897,0.373431721142231,0.2940733674861017,0.4711357448271499,0.6949542521495341,0.6959718491746686,0.9380502225254199,0.36501698659413384,0.13945125035524897,0.8481980485040566,455,0.8065934065934066
second_refresh_parent,1.0,42,1885,fraction_1_sample_42,7990,proxy,0,6144,2048,199,0.2519677159568188,0.5019638592138072,0.4080451897053245,-0.019360882961645398,,,0.5,0.032389322916666664,0.2519677159568188,0.7719929484447211,4804,0.7557243963363863
second_refresh_parent,1.0,42,1885,fraction_1_sample_42,7990,mean_gap,7990,6144,2048,199,0.25375841764109447,0.5037443971312182,0.40994123488782125,-0.026605347765687792,,,0.5,0.032389322916666664,0.25375841764109447,0.7719929484447211,4804,0.7557243963363863
second_refresh_parent,1.0,42,1885,fraction_1_sample_42,7990,knn_fixed,7990,6144,2048,199,0.155568720424605,0.39442200803784394,0.31143509483784215,0.3706310048053314,0.6088615257633032,0.6040110866547962,0.8854550295632917,0.28106031741852694,0.155568720424605,0.8358696578034164,4804,0.7489592006661115
second_refresh_parent,1.0,42,1885,fraction_1_sample_42,7990,knn_tuned,7990,6144,2048,199,0.15534488629883467,0.39413815635996813,0.31126807098704884,0.37153654840331085,0.6109362282825211,0.6088599970753318,0.8909002540034064,0.2795213291370767,0.15534488629883467,0.8365990925768564,4804,0.7570774354704413
second_refresh_parent,1.0,42,1885,fraction_1_sample_42,7990,ridge,7990,6144,2048,199,0.12652263357401186,0.355700201818908,0.28048261633182264,0.4881398873467576,0.6997802953694606,0.6971074276212388,0.9197433762589229,0.2715553813080834,0.12652263357401186,0.8596803304286134,4804,0.7647793505412157
second_refresh_static,1.0,42,1885,fraction_1_sample_42,7990,proxy,0,6144,2048,205,0.2511565620591987,0.5011552275086021,0.4071778465293385,-0.02493791479091989,,,0.5,0.033365885416666664,0.2511565620591987,0.7670630151912923,4914,0.7701465201465202
second_refresh_static,1.0,42,1885,fraction_1_sample_42,7990,mean_gap,7990,6144,2048,205,0.25316161261807374,0.5031516795341875,0.40935023782531427,-0.03312027053752953,,,0.5,0.033365885416666664,0.25316161261807374,0.7670630151912923,4914,0.7701465201465202
second_refresh_static,1.0,42,1885,fraction_1_sample_42,7990,knn_fixed,7990,6144,2048,205,0.1578430743450723,0.39729469458460215,0.3134679262119859,0.35586253388317013,0.5969240215992102,0.5919490595649515,0.8851642101199595,0.27941801517456066,0.1578430743450723,0.828995607311539,4914,0.7621082621082621
second_refresh_static,1.0,42,1885,fraction_1_sample_42,7990,knn_tuned,7990,6144,2048,205,0.15648620116545234,0.39558336816081174,0.3123664538113515,0.3613997603683281,0.6016758045843624,0.5974583175073145,0.8916767625329057,0.29744708099262684,0.15648620116545234,0.8307812919632236,4914,0.7728937728937729
second_refresh_static,1.0,42,1885,fraction_1_sample_42,7990,ridge,7990,6144,2048,205,0.1319534439587217,0.36325396619819816,0.28553424914615816,0.46151481533397043,0.6818165180002189,0.6789313850610772,0.9221557378059048,0.3103766871274963,0.1319534439587217,0.8514047271875951,4914,0.7749287749287749
second_refresh_refreshed,1.0,42,1885,fraction_1_sample_42,7990,proxy,0,6144,2048,173,0.2477292696160249,0.4977240898490095,0.40485722442225586,-0.03141379687871981,,,0.5,0.028157552083333332,0.2477292696160249,0.7761127899192528,4876,0.7738925348646432
second_refresh_refreshed,1.0,42,1885,fraction_1_sample_42,7990,mean_gap,7990,6144,2048,173,0.24994142782169448,0.49994142439059247,0.40710626073770734,-0.0406240549065362,,,0.5,0.028157552083333332,0.24994142782169448,0.7761127899192527,4876,0.7738925348646432
second_refresh_refreshed,1.0,42,1885,fraction_1_sample_42,7990,knn_fixed,7990,6144,2048,173,0.15492295503356238,0.39360253433325654,0.3072484767048001,0.35498266505807585,0.596492422116536,0.5940741345537638,0.8784500809790674,0.22199710495507113,0.15492295503356238,0.835407665195415,4876,0.7680475799835931
second_refresh_refreshed,1.0,42,1885,fraction_1_sample_42,7990,knn_tuned,7990,6144,2048,173,0.15446030337206454,0.39301438061738214,0.30736808354025386,0.35690890214567306,0.5979540929662093,0.5968944356663428,0.8826563457481875,0.23584563134768236,0.15446030337206454,0.8364794076481321,4876,0.7754306808859721
second_refresh_refreshed,1.0,42,1885,fraction_1_sample_42,7990,ridge,7990,6144,2048,173,0.12971474925887136,0.3601593387083991,0.2812840744831588,0.45993631575455485,0.6811329003128432,0.6800136169050222,0.9203723584996075,0.2719639267225935,0.12971474925887136,0.8569305210505116,4876,0.7735849056603774
